--
-- PostgreSQL database dump
--

-- Dumped from database version 14.5
-- Dumped by pg_dump version 14.5

-- Started on 2022-12-14 23:01:38

SET statement_timeout = 0;
SET lock_timeout = 0;
SET idle_in_transaction_session_timeout = 0;
SET client_encoding = 'UTF8';
SET standard_conforming_strings = on;
SELECT pg_catalog.set_config('search_path', '', false);
SET check_function_bodies = false;
SET xmloption = content;
SET client_min_messages = warning;
SET row_security = off;

SET default_tablespace = '';

SET default_table_access_method = heap;

--
-- TOC entry 210 (class 1259 OID 16544)
-- Name: category; Type: TABLE; Schema: public; Owner: postgres
--

CREATE TABLE public.category (
    id integer NOT NULL,
    name character varying(255)
);


ALTER TABLE public.category OWNER TO postgres;

--
-- TOC entry 209 (class 1259 OID 16543)
-- Name: category_id_seq; Type: SEQUENCE; Schema: public; Owner: postgres
--

ALTER TABLE public.category ALTER COLUMN id ADD GENERATED BY DEFAULT AS IDENTITY (
    SEQUENCE NAME public.category_id_seq
    START WITH 1
    INCREMENT BY 1
    NO MINVALUE
    NO MAXVALUE
    CACHE 1
);


--
-- TOC entry 212 (class 1259 OID 16550)
-- Name: image; Type: TABLE; Schema: public; Owner: postgres
--

CREATE TABLE public.image (
    id integer NOT NULL,
    file_name character varying(255),
    product_id integer NOT NULL
);


ALTER TABLE public.image OWNER TO postgres;

--
-- TOC entry 211 (class 1259 OID 16549)
-- Name: image_id_seq; Type: SEQUENCE; Schema: public; Owner: postgres
--

ALTER TABLE public.image ALTER COLUMN id ADD GENERATED BY DEFAULT AS IDENTITY (
    SEQUENCE NAME public.image_id_seq
    START WITH 1
    INCREMENT BY 1
    NO MINVALUE
    NO MAXVALUE
    CACHE 1
);


--
-- TOC entry 214 (class 1259 OID 16556)
-- Name: orders; Type: TABLE; Schema: public; Owner: postgres
--

CREATE TABLE public.orders (
    id integer NOT NULL,
    count integer NOT NULL,
    date_time timestamp without time zone,
    number character varying(255),
    price real NOT NULL,
    status integer,
    person_id integer NOT NULL,
    product_id integer NOT NULL
);


ALTER TABLE public.orders OWNER TO postgres;

--
-- TOC entry 213 (class 1259 OID 16555)
-- Name: orders_id_seq; Type: SEQUENCE; Schema: public; Owner: postgres
--

ALTER TABLE public.orders ALTER COLUMN id ADD GENERATED BY DEFAULT AS IDENTITY (
    SEQUENCE NAME public.orders_id_seq
    START WITH 1
    INCREMENT BY 1
    NO MINVALUE
    NO MAXVALUE
    CACHE 1
);


--
-- TOC entry 216 (class 1259 OID 16562)
-- Name: person; Type: TABLE; Schema: public; Owner: postgres
--

CREATE TABLE public.person (
    id integer NOT NULL,
    login character varying(50),
    password character varying(255),
    role character varying(255)
);


ALTER TABLE public.person OWNER TO postgres;

--
-- TOC entry 215 (class 1259 OID 16561)
-- Name: person_id_seq; Type: SEQUENCE; Schema: public; Owner: postgres
--

ALTER TABLE public.person ALTER COLUMN id ADD GENERATED BY DEFAULT AS IDENTITY (
    SEQUENCE NAME public.person_id_seq
    START WITH 1
    INCREMENT BY 1
    NO MINVALUE
    NO MAXVALUE
    CACHE 1
);


--
-- TOC entry 218 (class 1259 OID 16570)
-- Name: product; Type: TABLE; Schema: public; Owner: postgres
--

CREATE TABLE public.product (
    id integer NOT NULL,
    date_time_of_created timestamp without time zone,
    description text NOT NULL,
    price real NOT NULL,
    title text NOT NULL,
    category_id integer NOT NULL,
    CONSTRAINT product_price_check CHECK ((price >= (1)::double precision))
);


ALTER TABLE public.product OWNER TO postgres;

--
-- TOC entry 220 (class 1259 OID 16579)
-- Name: product_cart; Type: TABLE; Schema: public; Owner: postgres
--

CREATE TABLE public.product_cart (
    id integer NOT NULL,
    person_id integer,
    product_id integer
);


ALTER TABLE public.product_cart OWNER TO postgres;

--
-- TOC entry 219 (class 1259 OID 16578)
-- Name: product_cart_id_seq; Type: SEQUENCE; Schema: public; Owner: postgres
--

ALTER TABLE public.product_cart ALTER COLUMN id ADD GENERATED BY DEFAULT AS IDENTITY (
    SEQUENCE NAME public.product_cart_id_seq
    START WITH 1
    INCREMENT BY 1
    NO MINVALUE
    NO MAXVALUE
    CACHE 1
);


--
-- TOC entry 217 (class 1259 OID 16569)
-- Name: product_id_seq; Type: SEQUENCE; Schema: public; Owner: postgres
--

ALTER TABLE public.product ALTER COLUMN id ADD GENERATED BY DEFAULT AS IDENTITY (
    SEQUENCE NAME public.product_id_seq
    START WITH 1
    INCREMENT BY 1
    NO MINVALUE
    NO MAXVALUE
    CACHE 1
);


--
-- TOC entry 3350 (class 0 OID 16544)
-- Dependencies: 210
-- Data for Name: category; Type: TABLE DATA; Schema: public; Owner: postgres
--

INSERT INTO public.category (id, name) VALUES (1, 'Рефракторы');
INSERT INTO public.category (id, name) VALUES (2, 'Рефлекторы');
INSERT INTO public.category (id, name) VALUES (3, 'Линзы');


--
-- TOC entry 3352 (class 0 OID 16550)
-- Dependencies: 212
-- Data for Name: image; Type: TABLE DATA; Schema: public; Owner: postgres
--

INSERT INTO public.image (id, file_name, product_id) VALUES (1, 'c6915355-69b5-4890-821e-d419eaa0c078.telescope-synta-sky-watcher-bk-707az2_1.jpg', 1);
INSERT INTO public.image (id, file_name, product_id) VALUES (2, '96c45941-dcde-4858-af3b-a9d4a5e7e1ea.telescope-synta-sky-watcher-bk-707az2_2.jpg', 1);
INSERT INTO public.image (id, file_name, product_id) VALUES (3, '6e5d0e91-8daa-44e7-b53a-6c9fb289fb75.telescope-synta-sky-watcher-bk-707az2-d1.jpg', 1);
INSERT INTO public.image (id, file_name, product_id) VALUES (4, '0c0b1e8f-0949-4afe-8be1-3a33b91707e9.', 1);
INSERT INTO public.image (id, file_name, product_id) VALUES (5, '71d492ec-f946-453c-a324-bf0b9187b77e.', 1);
INSERT INTO public.image (id, file_name, product_id) VALUES (6, 'd6ca80bd-2559-402b-9891-37ecd6b4d96c.sky-watcher-telescope-evostar-909-az-pronto.jpg', 2);
INSERT INTO public.image (id, file_name, product_id) VALUES (7, 'abe6bc50-d9db-47c5-aca7-17b7ba6fa380.', 2);
INSERT INTO public.image (id, file_name, product_id) VALUES (8, '98b01f00-8e91-442e-99c5-b3d9e7d91d2c.', 2);
INSERT INTO public.image (id, file_name, product_id) VALUES (9, 'ac07e9e2-b86e-44e7-bf3a-18ff28146238.', 2);
INSERT INTO public.image (id, file_name, product_id) VALUES (10, 'ee82d0d5-9b78-4e06-b86f-977812c7b011.', 2);
INSERT INTO public.image (id, file_name, product_id) VALUES (16, '0eb20f15-f922-4003-af3e-534f13512e80.sky-watcher-telescope-dob-100-heritage.jpg', 4);
INSERT INTO public.image (id, file_name, product_id) VALUES (17, '224bf8c5-7c29-4482-baf9-1ad3cb072106.sky_watcher_telescope_dob_100_heritage_2.jpeg', 4);
INSERT INTO public.image (id, file_name, product_id) VALUES (18, '3c198f3c-168e-4ce9-8965-487197b2ebe3.', 4);
INSERT INTO public.image (id, file_name, product_id) VALUES (19, '28362312-1e21-4e19-b7ef-c2e799bf61c5.', 4);
INSERT INTO public.image (id, file_name, product_id) VALUES (20, 'ed9799e9-7b01-4914-8f4b-1f4585e97025.', 4);
INSERT INTO public.image (id, file_name, product_id) VALUES (21, 'e09333d6-1e1c-4b8d-91d1-3c61d6e41ecc.telescope-sky-watcher-dob-8in_1.jpg', 5);
INSERT INTO public.image (id, file_name, product_id) VALUES (22, 'dc7ce2fe-42b7-4b0d-9050-62766932b94a.telescope-sky-watcher-dob-8in_2.jpg', 5);
INSERT INTO public.image (id, file_name, product_id) VALUES (23, '47ee295a-0865-4684-a7a6-c113c2d6d395.telescope-sky-watcher-dob-8in_3.jpg', 5);
INSERT INTO public.image (id, file_name, product_id) VALUES (24, '987bce47-74f5-4a38-8445-72dd8aa06507.', 5);
INSERT INTO public.image (id, file_name, product_id) VALUES (25, 'e3243e36-b9cd-40c9-a94b-99b91c2cc1d5.', 5);
INSERT INTO public.image (id, file_name, product_id) VALUES (26, 'd8415213-ace0-4762-8399-cb1912482b93.telescope-sky-watcher-dob-14in-350-synscan-goto_1.jpg', 6);
INSERT INTO public.image (id, file_name, product_id) VALUES (27, 'c1f51337-71ff-43c3-be4c-d6854c944437.telescope-sky-watcher-dob-14in-350-synscan-goto_2.jpg', 6);
INSERT INTO public.image (id, file_name, product_id) VALUES (28, '3bd4c538-41a7-4265-8db1-6bd0e3619f0f.telescope-sky-watcher-dob-14in-350-synscan-goto_3.jpg', 6);
INSERT INTO public.image (id, file_name, product_id) VALUES (29, '84eeb7aa-730b-4f3b-83fe-dfa815a2bae6.', 6);
INSERT INTO public.image (id, file_name, product_id) VALUES (30, '1e72caab-24d4-4c74-b60a-0380e79b756e.', 6);
INSERT INTO public.image (id, file_name, product_id) VALUES (31, '0a9bec93-fc13-494e-be0e-ec815ba702a2.synta-sky-watcher-3x-1-25in-barlow-lens.jpg', 7);
INSERT INTO public.image (id, file_name, product_id) VALUES (32, 'b5335daa-c71c-434b-9b7d-623e6dacfc6b.synta-sky-watcher-3x-1-25in-barlow-lens_3.jpg', 7);
INSERT INTO public.image (id, file_name, product_id) VALUES (33, '1301007d-a587-4d96-8fa6-0bf1c6997667.', 7);
INSERT INTO public.image (id, file_name, product_id) VALUES (34, '3910a106-9e3a-4fec-b9ec-3df27f053399.', 7);
INSERT INTO public.image (id, file_name, product_id) VALUES (35, '8055da49-36ee-43c8-a792-ad12eecdf097.', 7);
INSERT INTO public.image (id, file_name, product_id) VALUES (36, 'a9bc28e0-e216-4a47-b0e8-47bfe97709e0.sky-watcher-okulyar-wa-70-32-mm-2.jpg', 8);
INSERT INTO public.image (id, file_name, product_id) VALUES (37, '827c74d6-ea42-4a23-971f-2889e199c6f9.', 8);
INSERT INTO public.image (id, file_name, product_id) VALUES (38, 'dcd19470-e448-4bc6-b3c2-b58f6242bb4b.', 8);
INSERT INTO public.image (id, file_name, product_id) VALUES (39, '2e2a3067-7cfe-49b3-8092-45f54010bfee.', 8);
INSERT INTO public.image (id, file_name, product_id) VALUES (40, '5adf8840-6927-42bd-b83e-5966b602bf47.', 8);


--
-- TOC entry 3354 (class 0 OID 16556)
-- Dependencies: 214
-- Data for Name: orders; Type: TABLE DATA; Schema: public; Owner: postgres
--

INSERT INTO public.orders (id, count, date_time, number, price, status, person_id, product_id) VALUES (1, 1, '2022-12-12 22:29:24.782598', 'c18bc3f4-50bd-47c2-9a45-c090c887454b', 28000, 1, 2, 1);
INSERT INTO public.orders (id, count, date_time, number, price, status, person_id, product_id) VALUES (2, 1, '2022-12-14 17:16:13.626466', '229c8a53-515e-433c-9ac6-207dcc5b8bec', 57000, 1, 2, 2);
INSERT INTO public.orders (id, count, date_time, number, price, status, person_id, product_id) VALUES (3, 1, '2022-12-14 17:16:14.130872', '229c8a53-515e-433c-9ac6-207dcc5b8bec', 108000, 1, 2, 5);
INSERT INTO public.orders (id, count, date_time, number, price, status, person_id, product_id) VALUES (4, 1, '2022-12-14 17:16:14.134873', '229c8a53-515e-433c-9ac6-207dcc5b8bec', 57000, 1, 2, 2);
INSERT INTO public.orders (id, count, date_time, number, price, status, person_id, product_id) VALUES (5, 1, '2022-12-14 22:34:30.173452', 'cb5349f4-048f-4326-a876-f7505398809e', 108000, 1, 3, 5);
INSERT INTO public.orders (id, count, date_time, number, price, status, person_id, product_id) VALUES (6, 1, '2022-12-14 22:34:30.228348', 'cb5349f4-048f-4326-a876-f7505398809e', 4500, 1, 3, 7);


--
-- TOC entry 3356 (class 0 OID 16562)
-- Dependencies: 216
-- Data for Name: person; Type: TABLE DATA; Schema: public; Owner: postgres
--

INSERT INTO public.person (id, login, password, role) VALUES (1, 'admin', '$2a$10$sa0DMJbP0IG.rLyQKc/1kOm.2XrhaRQDx5mOiHTYCzlE/PTabq5OS', 'ROLE_ADMIN');
INSERT INTO public.person (id, login, password, role) VALUES (2, 'user_1', '$2a$10$HjXdDF5mhSQ0AE7axpGV8.8m62QwpDJY4cb0nVAKc7Fu3Nb.uIeCi', 'ROLE_USER');
INSERT INTO public.person (id, login, password, role) VALUES (3, 'user_3', '$2a$10$6CRszX.UPAAadz0q8zehGOIaLk0V8xY1WdPBdEwG24/4SVEMOHvfi', 'ROLE_USER');


--
-- TOC entry 3358 (class 0 OID 16570)
-- Dependencies: 218
-- Data for Name: product; Type: TABLE DATA; Schema: public; Owner: postgres
--

INSERT INTO public.product (id, date_time_of_created, description, price, title, category_id) VALUES (2, '2022-12-12 22:01:55.652029', 'Sky-Watcher Evostar 909 – рефрактор-ахромат для изучения ближнего космоса и наземных объектов. Лучше всего он проявляет себя при наблюдениях Луны, планет Солнечной системы и их спутников. Ландшафтные наблюдения ведутся с применением диагональной призмы, включенной в комплект поставки. Телескоп прост в управлении, эффективен в наблюдениях и способен стать верным помощником в изучении космоса.
В телескопе используется двухэлементная оптическая конструкция с воздушным зазором. Благодаря этому передаваемое изображение свободно от хроматических искажений, а все детали видно четко и ясно. Оптика хорошо собирает свет, что помогает при изучении тусклых объектов космоса. Наблюдения можно вести на разных увеличениях – в комплект поставки уже включены два разнофокусных окуляра.
Монтировка AZ PRONTO интересна тем, что в отличие от обычной азимутальной монтировки у нее есть ручки тонких движений. Используя их, можно регулировать положение оптической трубы по азимуту и высоте. Ход монтировки плавный и ровный, во время наведения и слежения не ощущается рывков или качания.
Телескоп установлен на алюминиевую треногу с лотком для аксессуаров. Высоту ножек треноги можно регулировать.
Характеристики:
Тип телескопа	рефрактор
Оптическая схема	ахромат
Диаметр объектива (апертура), мм	90
Фокусное расстояние, мм	900
Максимальное полезное увеличение, крат	180
Светосила (относительное отверстие)	f/10
Окуляры в комплекте	10 мм (90х), 25 мм (36х)
Посадочный диаметр окуляров, дюймов	1,25
Искатель	оптический, 6x30
Тренога	алюминиевая
Высота треноги, мм	785–1500
Лоток для аксессуаров	есть
Тип управления телескопом	ручной
Тип монтировки	азимутальная
Дополнительно	диагональная призма 90°, 1,25";
диапазон регулировки положения монтировки: по азимуту: 360°, по высоте: от –70° до +80°
Уровень пользователя	для начинающих
Уровень сложности сборки и настройки	просто
Предмет наблюдения	планеты Солнечной системы, наземные объекты
', 57000, 'Телескоп Sky-Watcher Evostar 909 AZ PRONTO на треноге Star Adventurer', 1);
INSERT INTO public.product (id, date_time_of_created, description, price, title, category_id) VALUES (4, '2022-12-14 02:46:09.782708', 'Sky-Watcher Dob 100/400 Heritage – небольшой и легкий телескоп на настольной монтировке, который станет отличным подарком начинающему астроному или увлеченному наукой ребенку. Телескопом легко управлять, а наблюдения можно вести даже не покидая квартиры. Благодаря компактной конструкции телескоп можно поставить на подоконник или стол и изучать космос прямо из своей комнаты.
Sky-Watcher Dob 100/400 Heritage – это рефлектор Ньютона, который лучше всего показывает объекты дальнего космоса. Для их изучения в комплект поставки включены два окуляра и линза Барлоу. Благодаря им можно легко подобрать оптимальное для наблюдений увеличение – дополнительные аксессуары не понадобятся. Оптика телескопа также весьма эффективна при изучении Луны. Параболическое главное зеркало очищает передаваемую картинку от сферических искажений и позволяет видеть космос детально и четко.
Телескоп установлен на деревянную монтировку Добсона с ручным управлением. Наведение на объекты несложное, ход монтировки плавный и надежный.
Характеристики:
Тип телескопа	рефлектор
Оптическая схема	Ньютона
Покрытие оптики	диоксид кремния
Диаметр главного зеркала (апертура), мм	100
Форма линзы (зеркала)	парабола
Фокусное расстояние, мм	400
Максимальное полезное увеличение, крат	200
Светосила (относительное отверстие)	f/4
Разрешающая способность, угл. секунд	1,15
Проницающая способность (звездная величина, приблизительно)	11,8
Окуляры в комплекте	10 мм (40х), 25 мм (16х)
Посадочный диаметр окуляров, дюймов	1,25
Линза Барлоу в комплекте	2x
Искатель	с красной точкой
Фокусер	реечный
Тип управления телескопом	ручной
Тип монтировки	Добсона
Уровень пользователя	для начинающих
Уровень сложности сборки и настройки	крайне просто
Предмет наблюдения	объекты дальнего космоса
', 23000, 'Телескоп Sky-Watcher Dob 100/400 Heritage, настольный', 2);
INSERT INTO public.product (id, date_time_of_created, description, price, title, category_id) VALUES (6, '2022-12-14 02:49:09.814186', 'Большеапертурный рефлектор Sky-Watcher Dob 14" (350/1600) Retractable SynScan GOTO ориентирован на изучение объектов дальнего космоса. С помощью этого телескопа можно увидеть множество галактик, туманностей, звездных скоплений, астероидов, комет и других небесных тел. Данная модель прекрасно подходит для загородных наблюдений: благодаря складной трубе телескоп удобно перевозить.
Оптика
Главное зеркало изготовлено из боросиликатного оптического стекла Pyrex. Благодаря низкому коэффициенту теплового расширения зеркало сохраняет форму при температурных колебаниях, а значит, картинка не искажается. Для фиксации вторичного зеркала используются сверхтонкие растяжки.
Фокусер Крейфорда позволяет максимально точно настроить резкость изображения. Диаметр фокусировочного узла составляет 2". В комплект входят переходник на 1,25" и два окуляра системы Кельнера.
Монтировка
Оптическая труба устанавливается на азимутальную монтировку Добсона. Монтировка проста в управлении. Система автоматического наведения позволяет быстро найти любой из 42 900 объектов, содержащихся в базе данных. Монтировка подходит и для визуальных наблюдений, и для астрофотографии с малыми выдержками.
Встроенный модуль Wi-Fi
В комплекте с телескопом идет классический проводной пульт управления SynScan, но благодаря встроенному модулю Wi-Fi управлять монтировкой можно и при помощи смартфона или планшета. Нужно лишь установить на мобильное устройство бесплатное приложение «SynScan» (загружается из официальных магазинов App Store и Google Play), после этого откроется доступ ко всем функциям автонаведения и слежения.
Характеристики:
Тип телескопа	рефлектор
Оптическая схема	Ньютона
Покрытие оптики	полное многослойное
Диаметр главного зеркала (апертура), мм	355
Форма линзы (зеркала)	парабола
Фокусное расстояние, мм	1600
Окуляры в комплекте	Super 25 мм, Super 10 мм
Посадочный диаметр окуляров, дюймов	1,25/2
Искатель	оптический, 8x50
Фокусер	Крейфорда, 2
Тип управления телескопом	автонаведение
Тип монтировки	Добсона
Платформа установки телескопа	азимутальная
Система установки и позиционирования	SynScan AZ
Встроенные датчики	настраиваемый модуль Wi-Fi
Диапазон рабочих температур, °С	–30...+50
Системные требования	ОС Windows 95/98/2000/XP/Vista/7/8/10;
подключение USB-адаптера к компьютеру через последовательный порт (RS-232)
Автонаведение	есть
Пульт управления	проводной пульт SynScan или загружаемое приложение «SynScan»
База объектов	42 900
Уровень пользователя	для профессионалов
Предмет наблюдения	объекты дальнего космоса
Wi-Fi	есть
', 540000, 'Телескоп Sky-Watcher Dob 14" (350/1600) Retractable SynScan GOTO', 2);
INSERT INTO public.product (id, date_time_of_created, description, price, title, category_id) VALUES (5, NULL, 'Телескоп Sky-Watcher Dob 8" 200/1200 – это рефлектор, установленный на азимутальную монтировку Добсона. Эта модель идеальна для изучения объектов дальнего космоса: туманностей, галактик, звездных скоплений, комет, астероидов и других небесных тел. Телескоп обеспечивает передачу картинки высокого качества, особенно при загородных наблюдениях.
Оптика Sky-Watcher Dob 8"
Главное зеркало изготовлено из боросиликатного стекла марки Pyrex. Благодаря низкому коэффициенту теплового расширения зеркало сохраняет свою форму даже при резких перепадах температур. Вторичное зеркало Sky-Watcher Dob 8" 200/1200 крепится при помощи сверхтонких растяжек, не вносящих искажений в изображение.
Для настройки резкости используется высокоточный фокусер Крейфорда с посадочным диаметром 2". В комплект входит переходник на 1,25", а также два окуляра системы Кельнера.
Монтировка телескопа Sky-Watcher Dob 8"
Монтировка Добсона ставится на землю и обеспечивает максимально устойчивое положение телескопа. Монтировка очень проста в сборке и управлении, поэтому с ней легко справится даже начинающий астроном.
Sky-Watcher Dob 8" купить стоит в том случае, если у вас есть возможность вести наблюдения за городом. Рефлекторы не любят городской засветки и лучший результат показывают вне городской черты. К тому же из-за монтировки Добсона телескоп достаточно габаритный, использовать его для наблюдений с балкона или лоджии сильно затруднительно.
Характеристики:
Тип телескопа	рефлектор
Оптическая схема	Ньютона
Покрытие оптики	полное многослойное
Диаметр главного зеркала (апертура), мм	203
Форма линзы (зеркала)	парабола
Фокусное расстояние, мм	1200
Светосила (относительное отверстие)	f/5,9
Окуляры в комплекте	Super 25 мм, Super 10 мм
Посадочный диаметр окуляров, дюймов	1,25/2
Искатель	оптический, 8x50
Фокусер	Крейфорда, 2
Тип управления телескопом	ручной
Тип монтировки	Добсона
Платформа установки телескопа	азимутальная
Дополнительно	есть стандартная Т-резьба (М42) для монтажа зеркальной фотокамеры
Материал трубы	алюминий
Уровень пользователя	для начинающих, для опытных
', 108000, 'Телескоп Sky-Watcher Dob 8 (200/1200)', 2);
INSERT INTO public.product (id, date_time_of_created, description, price, title, category_id) VALUES (7, '2022-12-14 22:20:33.244009', 'Качественная трехкратная линза Барлоу Sky-Watcher 3x позволит расширить диапазон увеличений телескопа без приобретения дополнительных окуляров. Используя данную модель, вы сможете увеличить кратность телескопа с каждым окуляром в три раза.
Линза представляет собой двухэлементный ахромат. Оптика изготовлена из высококачественного стекла, на оптические поверхности нанесено полное многослойное просветление. Картинка получается четкой и контрастной, без хроматизма.
Линза Барлоу комплектуется защитной крышкой окуляра.
Технические характеристики
Оптическая схема	2-элементный ахромат
Просветление	полное многослойное просветляющее
Увеличение, крат	3
Посадочный диаметр, дюймов	1,25
', 4500, 'Линза Барлоу Sky-Watcher 3x, 1,25"', 3);
INSERT INTO public.product (id, date_time_of_created, description, price, title, category_id) VALUES (1, NULL, 'Линзовый телескоп Sky-Watcher BK 707AZ2 станет прекрасным подарком для начинающего астронома. Эта модель отличается качественной оптикой и надежной сборкой. С помощью этого телескопа можно изучать объекты Солнечной системы и вести ландшафтные наблюдения. Благодаря небольшим размерам и малому весу рефрактор удобно транспортировать.
Оптика Sky-Watcher BK707AZ2
70-миллиметровый ахроматический объектив позволяет увидеть кратеры на поверхности Луны, фазы Венеры, пояса Юпитера, кольца Сатурна, Уран и Нептун в виде звезд и множество других небесных тел. На линзы нанесено многослойное просветляющее покрытие, так что картинка получается четкой, резкой и хорошо детализированной. Хроматические аберрации при этом минимальны.
Для поиска объектов используется 5-кратный оптический искатель с полем зрения 24°.
Реечный фокусер обеспечивает плавную настройку резкости. Sky-Watcher BK 707AZ2 комплектуется двумя окулярами: 25 мм и 10 мм. Начинать наблюдения лучше с окуляра с большим фокусным расстоянием.
Защитная бленда предотвращает появление засветок и выпадение росы на линзу объектива.
Монтировка Sky-Watcher BK707AZ2
Оптическая труба устанавливается на азимутальную монтировку AZ2. Монтировка отличается понятным управлением. Тренога поставляется в собранном виде, что позволяет сэкономить время на подготовку телескопа к работе. Тренога снабжена удобным лотком для дополнительных аксессуаров.
Sky-Watcher BK707AZ2 купить можно прямо на этой странице. Телескоп станет прекрасным выбором для начинающего и опытного астронома.
Характеристики:
Тип телескопа	рефрактор
Оптическая схема	ахромат
Покрытие оптики	полное многослойное
Диаметр объектива (апертура), мм	70
Фокусное расстояние, мм	700
Максимальное полезное увеличение, крат	140
Светосила (относительное отверстие)	f/10
Окуляры в комплекте	25 мм, 10 мм
Посадочный диаметр окуляров, дюймов	1,25
Линза Барлоу в комплекте	2x
Искатель	оптический, 6x24
Фокусер	реечный
Тренога	алюминиевая
Тип управления телескопом	ручной
Тип монтировки	азимутальная, AZ2
Дополнительно	есть стандартная Т-резьба (М42) для монтажа зеркальной фотокамеры
Материал трубы	алюминий
Вес трубы, кг	1,45
Уровень пользователя	для начинающих
', 28500, 'Телескоп Sky-Watcher BK 707AZ2 ', 1);
INSERT INTO public.product (id, date_time_of_created, description, price, title, category_id) VALUES (8, '2022-12-14 22:36:48.420529', 'Окуляр Sky-Watcher WA 70° 32 мм прекрасно подойдет для изучения протяженных объектов дальнего космоса. Он обеспечивает невероятно широкий угол обзора и позволяет рассматривать яркие туманности, галактики и звездные скопления. Большинство из них вы сможете охватить одним взглядом. Высококачественная оптика линз не вносит искажений в изображение, позволяя видеть астрономические объекты максимально четко.
Окуляр Sky-Watcher WA 70° 32 мм можно устанавливать на большинство современных телескопов любых марок. Посадочный диаметр – 2''''.
Технические характеристики
полное многослойное просветляющее
70
32
2
резиновый
', 34000, 'Окуляр Sky-Watcher WA 70° 32 мм, 2"', 3);


--
-- TOC entry 3360 (class 0 OID 16579)
-- Dependencies: 220
-- Data for Name: product_cart; Type: TABLE DATA; Schema: public; Owner: postgres
--



--
-- TOC entry 3366 (class 0 OID 0)
-- Dependencies: 209
-- Name: category_id_seq; Type: SEQUENCE SET; Schema: public; Owner: postgres
--

SELECT pg_catalog.setval('public.category_id_seq', 1, false);


--
-- TOC entry 3367 (class 0 OID 0)
-- Dependencies: 211
-- Name: image_id_seq; Type: SEQUENCE SET; Schema: public; Owner: postgres
--

SELECT pg_catalog.setval('public.image_id_seq', 40, true);


--
-- TOC entry 3368 (class 0 OID 0)
-- Dependencies: 213
-- Name: orders_id_seq; Type: SEQUENCE SET; Schema: public; Owner: postgres
--

SELECT pg_catalog.setval('public.orders_id_seq', 6, true);


--
-- TOC entry 3369 (class 0 OID 0)
-- Dependencies: 215
-- Name: person_id_seq; Type: SEQUENCE SET; Schema: public; Owner: postgres
--

SELECT pg_catalog.setval('public.person_id_seq', 3, true);


--
-- TOC entry 3370 (class 0 OID 0)
-- Dependencies: 219
-- Name: product_cart_id_seq; Type: SEQUENCE SET; Schema: public; Owner: postgres
--

SELECT pg_catalog.setval('public.product_cart_id_seq', 9, true);


--
-- TOC entry 3371 (class 0 OID 0)
-- Dependencies: 217
-- Name: product_id_seq; Type: SEQUENCE SET; Schema: public; Owner: postgres
--

SELECT pg_catalog.setval('public.product_id_seq', 8, true);


--
-- TOC entry 3191 (class 2606 OID 16548)
-- Name: category category_pkey; Type: CONSTRAINT; Schema: public; Owner: postgres
--

ALTER TABLE ONLY public.category
    ADD CONSTRAINT category_pkey PRIMARY KEY (id);


--
-- TOC entry 3193 (class 2606 OID 16554)
-- Name: image image_pkey; Type: CONSTRAINT; Schema: public; Owner: postgres
--

ALTER TABLE ONLY public.image
    ADD CONSTRAINT image_pkey PRIMARY KEY (id);


--
-- TOC entry 3195 (class 2606 OID 16560)
-- Name: orders orders_pkey; Type: CONSTRAINT; Schema: public; Owner: postgres
--

ALTER TABLE ONLY public.orders
    ADD CONSTRAINT orders_pkey PRIMARY KEY (id);


--
-- TOC entry 3197 (class 2606 OID 16568)
-- Name: person person_pkey; Type: CONSTRAINT; Schema: public; Owner: postgres
--

ALTER TABLE ONLY public.person
    ADD CONSTRAINT person_pkey PRIMARY KEY (id);


--
-- TOC entry 3203 (class 2606 OID 16583)
-- Name: product_cart product_cart_pkey; Type: CONSTRAINT; Schema: public; Owner: postgres
--

ALTER TABLE ONLY public.product_cart
    ADD CONSTRAINT product_cart_pkey PRIMARY KEY (id);


--
-- TOC entry 3199 (class 2606 OID 16577)
-- Name: product product_pkey; Type: CONSTRAINT; Schema: public; Owner: postgres
--

ALTER TABLE ONLY public.product
    ADD CONSTRAINT product_pkey PRIMARY KEY (id);


--
-- TOC entry 3201 (class 2606 OID 16585)
-- Name: product uk_qka6vxqdy1dprtqnx9trdd47c; Type: CONSTRAINT; Schema: public; Owner: postgres
--

ALTER TABLE ONLY public.product
    ADD CONSTRAINT uk_qka6vxqdy1dprtqnx9trdd47c UNIQUE (title);


--
-- TOC entry 3205 (class 2606 OID 16591)
-- Name: orders fk1b0m4muwx1t377w9if3w6wwqn; Type: FK CONSTRAINT; Schema: public; Owner: postgres
--

ALTER TABLE ONLY public.orders
    ADD CONSTRAINT fk1b0m4muwx1t377w9if3w6wwqn FOREIGN KEY (person_id) REFERENCES public.person(id);


--
-- TOC entry 3207 (class 2606 OID 16601)
-- Name: product fk1mtsbur82frn64de7balymq9s; Type: FK CONSTRAINT; Schema: public; Owner: postgres
--

ALTER TABLE ONLY public.product
    ADD CONSTRAINT fk1mtsbur82frn64de7balymq9s FOREIGN KEY (category_id) REFERENCES public.category(id);


--
-- TOC entry 3206 (class 2606 OID 16596)
-- Name: orders fk787ibr3guwp6xobrpbofnv7le; Type: FK CONSTRAINT; Schema: public; Owner: postgres
--

ALTER TABLE ONLY public.orders
    ADD CONSTRAINT fk787ibr3guwp6xobrpbofnv7le FOREIGN KEY (product_id) REFERENCES public.product(id);


--
-- TOC entry 3204 (class 2606 OID 16586)
-- Name: image fkgpextbyee3uk9u6o2381m7ft1; Type: FK CONSTRAINT; Schema: public; Owner: postgres
--

ALTER TABLE ONLY public.image
    ADD CONSTRAINT fkgpextbyee3uk9u6o2381m7ft1 FOREIGN KEY (product_id) REFERENCES public.product(id);


--
-- TOC entry 3209 (class 2606 OID 16611)
-- Name: product_cart fkhpnrxdy3jhujameyod08ilvvw; Type: FK CONSTRAINT; Schema: public; Owner: postgres
--

ALTER TABLE ONLY public.product_cart
    ADD CONSTRAINT fkhpnrxdy3jhujameyod08ilvvw FOREIGN KEY (product_id) REFERENCES public.product(id);


--
-- TOC entry 3208 (class 2606 OID 16606)
-- Name: product_cart fksgnkc1ko2i1o9yr2p63ysq3rn; Type: FK CONSTRAINT; Schema: public; Owner: postgres
--

ALTER TABLE ONLY public.product_cart
    ADD CONSTRAINT fksgnkc1ko2i1o9yr2p63ysq3rn FOREIGN KEY (person_id) REFERENCES public.person(id);


-- Completed on 2022-12-14 23:01:38

--
-- PostgreSQL database dump complete
--

